{
    "name": "Alist_Ya",
    "main": "alisty.js",
    "version": 1,
    "type": "js",
    "input":[{
        "name": "URL",
        "key": "url",
        "describe":"http(s)://192.168.1.1:5344"
    },{
        "name": "用户名",
        "key": "userName",
        "describe":""
    },{
        "name": "密码",
        "key": "password",
        "describe":""
    },{
        "name": "访问令牌",
        "key": "token",
        "describe":"用户名密码或访问令牌二选一"
    },{
        "name": "分类",
        "key": "categorys",
        "describe":"每日更新$🎬中国$综艺（可选,留空显示全部分类）"
    }]
}